		         ####### Creación de la base de datos para Monitoreo de Plazos Fijos del Banco X #######
#drop database if exists monitoreo_pf;

CREATE DATABASE monitoreo_pf;
USE monitoreo_pf;

/*Creación de la tabla CLIENTE, que contiene información de la persona 
titular de cuenta/cuentas del banco.
*/

CREATE TABLE Cliente (
cuit_cuil BIGINT(12) NOT NULL PRIMARY KEY,
titular VARCHAR(50) NOT NULL,
sector VARCHAR(20) NOT NULL,
pais VARCHAR(20) NOT NULL,
tipo_persona VARCHAR(20) NOT NULL,
UNIQUE KEY (cuit_cuil)
);

#Pruebo como queda la tabla
SELECT * FROM cliente;
#Detalle de cada campo
DESCRIBE cliente;

/*Creación de la tabla SUCURSAL, que contiene información de las sucursales de la Entidad Financiera
*/

CREATE TABLE sucursal (
id_sucursal INT NOT NULL PRIMARY KEY,
nombre_sucursal VARCHAR(30) NOT NULL,
provincia VARCHAR(20) NOT NULL,
UNIQUE KEY (id_sucursal)
);

#Pruebo como queda la tabla
SELECT * FROM sucursal;
#Detalle de cada campo
DESCRIBE sucursal;

/*Creación de la tabla CUENTA, que contiene información de la/las cuentas de los clientes.
*/

CREATE TABLE Cuenta (
numero_cuenta INT NOT NULL PRIMARY KEY,
id_sucursal INT NOT NULL,
pais VARCHAR(20) NOT NULL,
estado VARCHAR(20) NOT NULL,
cuit_cuil BIGINT(12) NOT NULL,
FOREIGN KEY (cuit_cuil) REFERENCES cliente(cuit_cuil),
FOREIGN KEY (id_sucursal) REFERENCES sucursal(id_sucursal),
UNIQUE KEY (numero_cuenta)
);

#Pruebo como queda la tabla
SELECT * FROM cuenta;
#Detalle de cada campo
DESCRIBE cuenta;

/*Creación de la tabla MONEDA, que contiene los tipos de moneda con su código de moneda
*/

CREATE TABLE Moneda (
id_moneda INT NOT NULL PRIMARY KEY,
moneda VARCHAR(20) NOT NULL,
UNIQUE KEY (id_moneda)
);

#Pruebo como queda la tabla
SELECT * FROM moneda;
#Detalle de cada campo
DESCRIBE moneda;

/*Creación de la tabla MODULO, que contiene los productos y el número de módulo que le correspone
*/

CREATE TABLE Modulo (
numero_modulo INT NOT NULL PRIMARY KEY,
nombre_producto VARCHAR(20) NOT NULL,
tipo_producto VARCHAR(50) NOT NULL,
UNIQUE KEY (numero_modulo)
);

#Pruebo como queda la tabla
SELECT * FROM modulo;
#Detalle de cada campo
DESCRIBE modulo;

/*Creación de la tabla ESPECIE, que contiene las especies con las que se opera
*/

CREATE TABLE Especie (
numero_especie INT NOT NULL PRIMARY KEY,
tipo_especie VARCHAR(20) NOT NULL,
UNIQUE KEY (numero_especie)
);

#Pruebo como queda la tabla
SELECT * FROM especie;
#Detalle de cada campo
DESCRIBE especie;

/*Creación de la tabla PIZARRA, que contiene las tasas para cada tipo de plazo fijo
*/

CREATE TABLE Pizarra (
numero_pizarra INT NOT NULL PRIMARY KEY,
tipo_plazo_fijo VARCHAR(40) NOT NULL,
id_moneda INT NOT NULL,
FOREIGN KEY (id_moneda) REFERENCES moneda(id_moneda),
tipo_tasa VARCHAR(20) NOT NULL,
numero_especie INT NOT NULL, 
FOREIGN KEY (numero_especie) REFERENCES especie(numero_especie),
tasa FLOAT NOT NULL,
vigencia DATE NOT NULL,
UNIQUE KEY (numero_pizarra)
);

#Pruebo como queda la tabla
SELECT * FROM pizarra;
#Detalle de cada campo
DESCRIBE pizarra;

/*Creación de la tabla TIPO_OPERACIÓN, que contiene los tipos de operación para cada pizarra y módulo
*/

CREATE TABLE Tipo_operacion (
id_tipo_operacion INT NOT NULL PRIMARY KEY,
tipo_operacion VARCHAR(40) NOT NULL,
numero_pizarra INT NOT NULL,
FOREIGN KEY (numero_pizarra) REFERENCES pizarra(numero_pizarra),
numero_modulo INT NOT NULL, 
FOREIGN KEY (numero_modulo) REFERENCES modulo(numero_modulo),
UNIQUE KEY (id_tipo_operacion)
);

#Pruebo como queda la tabla
SELECT * FROM tipo_operacion;
#Detalle de cada campo
DESCRIBE tipo_operacion;

/*Creación de la tabla PLAZO FIJO, que contiene información del producto Plazo Fijo que tiene el cliente.
*/

CREATE TABLE Plazo_fijo (
numero_operacion INT NOT NULL PRIMARY KEY,
numero_cuenta INT NOT NULL,
FOREIGN KEY (numero_cuenta) REFERENCES cuenta(numero_cuenta),
id_tipo_operacion INT NOT NULL,
FOREIGN KEY (id_tipo_operacion) REFERENCES tipo_operacion(id_tipo_operacion),
id_moneda INT NOT NULL,
FOREIGN KEY (id_moneda) REFERENCES moneda(id_moneda),
suboperacion INT NOT NULL,
capital FLOAT NOT NULL,
fecha_origen DATE NOT NULL,
fecha_vencimiento DATE NOT NULL,
UNIQUE KEY (numero_operacion)
);

#Pruebo como queda la tabla
SELECT * FROM Plazo_fijo;
#Detalle de cada campo
DESCRIBE Plazo_fijo;

											#######Importación de datos#######

/*Se insertan los datos a la tabla CLIENTE, según las características definidas para estos campos de datos
*/

INSERT INTO cliente VALUES( 26256496250,'TORRES MARIA','SECTOR PRIVADO','ARGENTINA','PERSONA FISICA');
INSERT INTO cliente VALUES( 26264685266,'BAEZ MERCEDES','SECTOR PRIVADO','ARGENTINA','PERSONA FISICA');
INSERT INTO cliente VALUES( 26264400984,'RUIS DIAS LILIANA MARIA','SECTOR PRIVADO','ARGENTINA','PERSONA FISICA');
INSERT INTO cliente VALUES( 26364303886,'CACERES LUJAN','SECTOR PRIVADO','ARGENTINA','PERSONA FISICA');
INSERT INTO cliente VALUES( 20265582602,'AGUIRRE JUAN','SECTOR PRIVADO','ARGENTINA','PERSONA FISICA');
INSERT INTO cliente VALUES( 20334266088,'AYALA CARLOS','SECTOR PRIVADO','ARGENTINA','PERSONA FISICA');
INSERT INTO cliente VALUES( 23284556359,'PORTILLO FABRICIO','SECTOR PRIVADO','ARGENTINA','PERSONA FISICA');
INSERT INTO cliente VALUES( 26062906633,'CACERES JOSE','SECTOR PRIVADO','ARGENTINA','PERSONA FISICA');
INSERT INTO cliente VALUES( 26065426680,'VALLEJOS ISABELA','SECTOR PRIVADO','ARGENTINA','PERSONA FISICA');
INSERT INTO cliente VALUES( 26238256236,'SOSA MARIA','SECTOR PRIVADO','ARGENTINA','PERSONA FISICA');
INSERT INTO cliente VALUES( 20290362206,'VILLANUEVA RUBEN','SECTOR PRIVADO','ARGENTINA','PERSONA FISICA');
INSERT INTO cliente VALUES( 20242244562,'AQUINO JOSE','SECTOR PRIVADO','ARGENTINA','PERSONA FISICA');
INSERT INTO cliente VALUES( 20252696923,'SOLOAGA HUMBERTO','SECTOR PRIVADO','ARGENTINA','PERSONA FISICA');
INSERT INTO cliente VALUES( 26388646299,'PANOZZO MARIA','SECTOR PRIVADO','ARGENTINA','PERSONA FISICA');
INSERT INTO cliente VALUES( 20233266682,'MORENO JUAN','SECTOR PRIVADO','ARGENTINA','PERSONA FISICA');
INSERT INTO cliente VALUES( 26263946406,'PIÑEYRO MARIA','SECTOR PRIVADO','ARGENTINA','PERSONA FISICA');
INSERT INTO cliente VALUES( 20200909823,'SAUCEDO RODRIGO','SECTOR PRIVADO','ARGENTINA','PERSONA FISICA');
INSERT INTO cliente VALUES( 20334608624,'QUIRICO RUBEN','SECTOR PRIVADO','ARGENTINA','PERSONA FISICA');
INSERT INTO cliente VALUES( 20256286862,'ZABALA HORACIO','SECTOR PRIVADO','ARGENTINA','PERSONA FISICA');
INSERT INTO cliente VALUES( 26290963940,'MAZO RAMONA','SECTOR PRIVADO','ARGENTINA','PERSONA FISICA');
INSERT INTO cliente VALUES( 23228265404,'CAMPESTRINI CLARA','SECTOR PRIVADO','ARGENTINA','PERSONA FISICA');
INSERT INTO cliente VALUES( 20269655582,'TOLEDO MANUEL','SECTOR PRIVADO','ARGENTINA','PERSONA FISICA');
INSERT INTO cliente VALUES( 20233902042,'MOLINA PEREZ MANUEL','SECTOR PRIVADO','ARGENTINA','PERSONA FISICA');
INSERT INTO cliente VALUES( 20244594992,'MAMBRIN OSVALDO','SECTOR PRIVADO','ARGENTINA','PERSONA FISICA');
INSERT INTO cliente VALUES( 26052322526,'ACUÑA MERCEDES','SECTOR PRIVADO','ARGENTINA','PERSONA FISICA');
INSERT INTO cliente VALUES( 26333323583,'BOMMERL BELEN','SECTOR PRIVADO','ARGENTINA','PERSONA FISICA');
INSERT INTO cliente VALUES( 26282492082,'FERREIRO CLAUDIA','SECTOR PRIVADO','ARGENTINA','PERSONA FISICA');
INSERT INTO cliente VALUES( 20350022952,'SILVA MARCELO','SECTOR PRIVADO','ARGENTINA','PERSONA FISICA');
INSERT INTO cliente VALUES( 26426225660,'LEDEZMA MERCDES','SECTOR PRIVADO','ARGENTINA','PERSONA FISICA');
INSERT INTO cliente VALUES( 26262328238,'GIMENEZ ELIZABETH','SECTOR PRIVADO','ARGENTINA','PERSONA FISICA');
INSERT INTO cliente VALUES( 26222352353,'RIQUELME ALICIA','SECTOR PRIVADO','ARGENTINA','PERSONA FISICA');
INSERT INTO cliente VALUES( 26224683969,'ROJAS DOLORES','SECTOR PRIVADO','ARGENTINA','PERSONA FISICA');
INSERT INTO cliente VALUES( 26202920600,'RAMIREZ BEATRIZ','SECTOR PRIVADO','ARGENTINA','PERSONA FISICA');
INSERT INTO cliente VALUES( 20260626260,'RIOS  ADOLFO','SECTOR PRIVADO','ARGENTINA','PERSONA FISICA');
INSERT INTO cliente VALUES( 26223366242,'ROJAS EMILIA','SECTOR PRIVADO','ARGENTINA','PERSONA FISICA');
INSERT INTO cliente VALUES( 26229668202,'NUÑEZ MARIA','SECTOR PRIVADO','ARGENTINA','PERSONA FISICA');
INSERT INTO cliente VALUES( 20068328555,'SANABRIA LEONARDO','SECTOR PRIVADO','ARGENTINA','PERSONA FISICA');
INSERT INTO cliente VALUES( 26360262842,'ACEVEDO MAGDALENA','SECTOR PRIVADO','ARGENTINA','PERSONA FISICA');
INSERT INTO cliente VALUES( 20288225649,'SUSMAN  ADOLFO','SECTOR PRIVADO','ARGENTINA','PERSONA FISICA');
INSERT INTO cliente VALUES( 20366832526,'BOGARIN ARIEL','SECTOR PRIVADO','ARGENTINA','PERSONA FISICA');
INSERT INTO cliente VALUES( 20253654432,'MEZA LUIS','SECTOR PRIVADO','ARGENTINA','PERSONA FISICA');
INSERT INTO cliente VALUES( 20222666823,'BERTON ISIDRO','SECTOR PRIVADO','ARGENTINA','PERSONA FISICA');
INSERT INTO cliente VALUES( 20320528362,'ARAUJO DANIEL','SECTOR PRIVADO','ARGENTINA','PERSONA FISICA');
INSERT INTO cliente VALUES( 26220386620,'SENA CRISTINA','SECTOR PRIVADO','ARGENTINA','PERSONA FISICA');
INSERT INTO cliente VALUES( 26242646998,'MORAVICKI ALEJANDRA','SECTOR PRIVADO','ARGENTINA','PERSONA FISICA');
INSERT INTO cliente VALUES( 20326540699,'AZCONA ROBERTO','SECTOR PRIVADO','ARGENTINA','PERSONA FISICA');
INSERT INTO cliente VALUES( 23260633589,'SOLIZ CARLOS ALBERTO','SECTOR PRIVADO','ARGENTINA','PERSONA FISICA');
INSERT INTO cliente VALUES( 26264462549,'BENITEZ MERCEDES','SECTOR PRIVADO','ARGENTINA','PERSONA FISICA');
INSERT INTO cliente VALUES( 20222460396,'ALVAREDO DEMETRIO ','SECTOR PRIVADO','ARGENTINA','PERSONA FISICA');
INSERT INTO cliente VALUES( 26240262284,'BELTRAN TERESITA','SECTOR PRIVADO','ARGENTINA','PERSONA FISICA');
INSERT INTO cliente VALUES( 20225202699,'SILVA VICTOR DANIEL','SECTOR PRIVADO','ARGENTINA','PERSONA FISICA');
INSERT INTO cliente VALUES( 26058253600,'GONZALEZ PEREZ VANINA','SECTOR PRIVADO','ARGENTINA','PERSONA FISICA');
INSERT INTO cliente VALUES( 23343463324,'BARBONA VANESA','SECTOR PRIVADO','ARGENTINA','PERSONA FISICA');
INSERT INTO cliente VALUES( 20360440434,'BENITEZ BALLADARES VICTOR','SECTOR PRIVADO','ARGENTINA','PERSONA FISICA');
INSERT INTO cliente VALUES( 23365488469,'RODRIGUEZ CARLOS FRANCISCO','SECTOR PRIVADO','ARGENTINA','PERSONA FISICA');
INSERT INTO cliente VALUES( 20056680952,'SURT OSCAR','SECTOR PRIVADO','ARGENTINA','PERSONA FISICA');
INSERT INTO cliente VALUES( 26282849628,'REGGI MERCEDES','SECTOR PRIVADO','ARGENTINA','PERSONA FISICA');
INSERT INTO cliente VALUES( 26293254560,'CABALLERO CAROLINA','SECTOR PRIVADO','ARGENTINA','PERSONA FISICA');
INSERT INTO cliente VALUES( 20234286652,'ZONE SERGIO FERNANDO','SECTOR PRIVADO','ARGENTINA','PERSONA FISICA');
INSERT INTO cliente VALUES( 20308982582,'ROMERO MARCELO','SECTOR PRIVADO','ARGENTINA','PERSONA FISICA');
INSERT INTO cliente VALUES( 26269692099,'CARDOZO MIRTHA','SECTOR PRIVADO','ARGENTINA','PERSONA FISICA');
INSERT INTO cliente VALUES( 26223409820,'RODRIGUEZ SILVIA INES','SECTOR PRIVADO','ARGENTINA','PERSONA FISICA');
INSERT INTO cliente VALUES( 23263646309,'GUAYMAS CRISTIAN HORACIO','SECTOR PRIVADO','ARGENTINA','PERSONA FISICA');
INSERT INTO cliente VALUES( 20362220565,'BOGADO FERNANDO','SECTOR PRIVADO','ARGENTINA','PERSONA FISICA');
INSERT INTO cliente VALUES( 20266806852,'GUTIERREZ MATEO GABRIEL','SECTOR PRIVADO','ARGENTINA','PERSONA FISICA');
INSERT INTO cliente VALUES( 20288206348,'ALARCON VICENTE CELESTINO','SECTOR PRIVADO','ARGENTINA','PERSONA FISICA');
INSERT INTO cliente VALUES( 23056980609,'CORNALO PABLO','SECTOR PRIVADO','ARGENTINA','PERSONA FISICA');
INSERT INTO cliente VALUES( 23262220294,'VISÑUK MERCEDES','SECTOR PRIVADO','ARGENTINA','PERSONA FISICA');
INSERT INTO cliente VALUES( 26362243405,'LOPEZ OJEDA BEATRIZ','SECTOR PRIVADO','ARGENTINA','PERSONA FISICA');
INSERT INTO cliente VALUES( 26269628923,'PARED LILIANA','SECTOR PRIVADO','ARGENTINA','PERSONA FISICA');
INSERT INTO cliente VALUES( 23062436024,'GONZALEZ AGUSTINA','SECTOR PRIVADO','ARGENTINA','PERSONA FISICA');
INSERT INTO cliente VALUES( 26099683222,'SOTO NOEMI','SECTOR PRIVADO','ARGENTINA','PERSONA FISICA');
INSERT INTO cliente VALUES( 26392899960,'DOMINGUEZ FRANCISCA','SECTOR PRIVADO','ARGENTINA','PERSONA FISICA');
INSERT INTO cliente VALUES( 26329926006,'VALLEJOS RAMONA MARTA','SECTOR PRIVADO','ARGENTINA','PERSONA FISICA');
INSERT INTO cliente VALUES( 26202828355,'CABRAL BEATRIZ','SECTOR PRIVADO','ARGENTINA','PERSONA FISICA');
INSERT INTO cliente VALUES( 26222299829,'MEZA FLORENCIA','SECTOR PRIVADO','ARGENTINA','PERSONA FISICA');
INSERT INTO cliente VALUES( 20285229932,'TOLEDO ALBERTO','SECTOR PRIVADO','ARGENTINA','PERSONA FISICA');
INSERT INTO cliente VALUES( 26052456586,'ROBAS MARIA GLADYS','SECTOR PRIVADO','ARGENTINA','PERSONA FISICA');
INSERT INTO cliente VALUES( 26225045399,'MOREIRA MERCEDES','SECTOR PRIVADO','ARGENTINA','PERSONA FISICA');
INSERT INTO cliente VALUES( 26360658232,'CAPELETTI MARIA','SECTOR PRIVADO','ARGENTINA','PERSONA FISICA');
INSERT INTO cliente VALUES( 26053920426,'BLANCHET ROZANA ELIZABETH','SECTOR PRIVADO','ARGENTINA','PERSONA FISICA');
INSERT INTO cliente VALUES( 20232428548,'AGUIRRE GERARDO','SECTOR PRIVADO','ARGENTINA','PERSONA FISICA');
INSERT INTO cliente VALUES( 26249363422,'DI TOMASO CRISTINA','SECTOR PRIVADO','ARGENTINA','PERSONA FISICA');
INSERT INTO cliente VALUES( 23208626234,'BARANDA BEATRIZ','SECTOR PRIVADO','ARGENTINA','PERSONA FISICA');
INSERT INTO cliente VALUES( 23304242039,'AGUIRRE GUSTAVO','SECTOR PRIVADO','ARGENTINA','PERSONA FISICA');
INSERT INTO cliente VALUES( 26232489260,'BLANCO ROSALIA','SECTOR PRIVADO','ARGENTINA','PERSONA FISICA');
INSERT INTO cliente VALUES( 26202925525,'SILVA ROSANA','SECTOR PRIVADO','ARGENTINA','PERSONA FISICA');
INSERT INTO cliente VALUES( 992300868,'EXP. 123554','SECTOR PRIVADO','ARGENTINA','PERSONA FISICA');
INSERT INTO cliente VALUES( 20326259222,'GAUNA GUSTAVO','SECTOR PRIVADO','ARGENTINA','PERSONA FISICA');
INSERT INTO cliente VALUES( 26325998325,'RAMIREZ VIVIANA','SECTOR PRIVADO','ARGENTINA','PERSONA FISICA');
INSERT INTO cliente VALUES( 20324050354,'ALTAMIRANO ANIBAL','SECTOR PRIVADO','ARGENTINA','PERSONA FISICA');
INSERT INTO cliente VALUES( 23328836224,'BAINI LORENA','SECTOR PRIVADO','ARGENTINA','PERSONA FISICA');
INSERT INTO cliente VALUES( 26236636256,'ESCOBAR SOLEDAD','SECTOR PRIVADO','ARGENTINA','PERSONA FISICA');
INSERT INTO cliente VALUES( 20266568829,'ORTIZ FACUNDO','SECTOR PRIVADO','ARGENTINA','PERSONA FISICA');
INSERT INTO cliente VALUES( 26036668996,'AGUILAR DANIELA','SECTOR PRIVADO','ARGENTINA','PERSONA FISICA');
INSERT INTO cliente VALUES( 20224209566,'GOMEZ JUAN','SECTOR PRIVADO','ARGENTINA','PERSONA FISICA');
INSERT INTO cliente VALUES( 992302624,'EXP. 565224','SECTOR PRIVADO','ARGENTINA','PERSONA FISICA');
INSERT INTO cliente VALUES( 26224262990,'TORRES MIRIAM','SECTOR PRIVADO','ARGENTINA','PERSONA FISICA');
INSERT INTO cliente VALUES( 26333502566,'SOLOAGA MIRANDA','SECTOR PRIVADO','ARGENTINA','PERSONA FISICA');

#Se revisa la tabla de datos y el numero de filas agregadas:
SELECT * FROM cliente;
SELECT count(*) FROM cliente;


/*Se insertan los datos a la tabla SUCURSAL, según las características definidas para estos campos de datos
*/

INSERT INTO Sucursal VALUES( 1,'MERCEDES','CORRIENTES');
INSERT INTO Sucursal VALUES( 2,'SAN ROQUE','CORRIENTES');
INSERT INTO Sucursal VALUES( 3,'LA CRUZ','CORRIENTES');
INSERT INTO Sucursal VALUES( 4,'EMPEDRADO','CORRIENTES');
INSERT INTO Sucursal VALUES( 5,'GOYA','CORRIENTES');
INSERT INTO Sucursal VALUES( 6,'PASO DE LOS LIBRES','CORRIENTES');
INSERT INTO Sucursal VALUES( 7,'CURUZU CUATIA','CORRIENTES');
INSERT INTO Sucursal VALUES( 8,'MBURUCUYA','CORRIENTES');
INSERT INTO Sucursal VALUES( 9,'ESQUINA','CORRIENTES');
INSERT INTO Sucursal VALUES( 10,'GOBERNADOR VIRASORO','CORRIENTES');
INSERT INTO Sucursal VALUES( 11,'BELLA VISTA','CORRIENTES');
INSERT INTO Sucursal VALUES( 12,'MONTE CASEROS','CORRIENTES');
INSERT INTO Sucursal VALUES( 13,'SANTO TOME','CORRIENTES');
INSERT INTO Sucursal VALUES( 14,'ITUZAINGO','CORRIENTES');
INSERT INTO Sucursal VALUES( 15,'BUENOS AIRES','BUENOS AIRES');
INSERT INTO Sucursal VALUES( 16,'COLONIA LIEBIG','CORRIENTES');
INSERT INTO Sucursal VALUES( 17,'SAUCE','CORRIENTES');
INSERT INTO Sucursal VALUES( 18,'MOCORETA','CORRIENTES');
INSERT INTO Sucursal VALUES( 19,'SALADAS','CORRIENTES');
INSERT INTO Sucursal VALUES( 20,'ITA IBATE','CORRIENTES');
INSERT INTO Sucursal VALUES( 21,'SAN MIGUEL','CORRIENTES');
INSERT INTO Sucursal VALUES( 22,'PERUGORRIA','CORRIENTES');
INSERT INTO Sucursal VALUES( 23,'GOBERNADOR MARTINEZ','CORRIENTES');
INSERT INTO Sucursal VALUES( 24,'ITATI','CORRIENTES');
INSERT INTO Sucursal VALUES( 25,'SANTA ROSA','CORRIENTES');
INSERT INTO Sucursal VALUES( 26,'PASO DE LA PATRIA','CORRIENTES');
INSERT INTO Sucursal VALUES( 28,'POSADAS','MISIONES');
INSERT INTO Sucursal VALUES( 31,'CONCEPCION','CORRIENTES');
INSERT INTO Sucursal VALUES( 32,'SANTA LUCIA','CORRIENTES');
INSERT INTO Sucursal VALUES( 33,'ALVEAR','CORRIENTES');
INSERT INTO Sucursal VALUES( 36,'SAN LUIS DEL PALMAR','CORRIENTES');
INSERT INTO Sucursal VALUES( 38,'CAA CATI','CORRIENTES');
INSERT INTO Sucursal VALUES( 40,'TENIENTE IBAÑEZ','CORRIENTES');
INSERT INTO Sucursal VALUES( 41,'CAPITAL','CORRIENTES');
INSERT INTO Sucursal VALUES( 42,'SAN CARLOS','CORRIENTES');
INSERT INTO Sucursal VALUES( 99,'CASA MATRIZ','CORRIENTES');

#Se revisa la tabla de datos y el numero de filas agregadas:
SELECT * FROM sucursal;
SELECT count(*) FROM sucursal;


/*Se insertan los datos a la tabla CUENTA, según las características definidas para estos campos de datos
*/

INSERT INTO Cuenta VALUES( 472793,1,'ARGENTINA','OPERATIVA',26256496250);
INSERT INTO Cuenta VALUES( 106637,99,'ARGENTINA','OPERATIVA',26264685266);
INSERT INTO Cuenta VALUES( 109265,12,'ARGENTINA','OPERATIVA',26264400984);
INSERT INTO Cuenta VALUES( 225411,99,'ARGENTINA','OPERATIVA',26364303886);
INSERT INTO Cuenta VALUES( 191569,99,'ARGENTINA','OPERATIVA',20265582602);
INSERT INTO Cuenta VALUES( 582332,99,'ARGENTINA','OPERATIVA',20334266088);
INSERT INTO Cuenta VALUES( 63911,99,'ARGENTINA','OPERATIVA',23284556359);
INSERT INTO Cuenta VALUES( 198223,8,'ARGENTINA','OPERATIVA',26062906633);
INSERT INTO Cuenta VALUES( 90606,99,'ARGENTINA','OPERATIVA',26065426680);
INSERT INTO Cuenta VALUES( 102040,11,'ARGENTINA','OPERATIVA',26238256236);
INSERT INTO Cuenta VALUES( 737692,99,'ARGENTINA','OPERATIVA',20290362206);
INSERT INTO Cuenta VALUES( 26824,5,'ARGENTINA','OPERATIVA',20242244562);
INSERT INTO Cuenta VALUES( 44985,5,'ARGENTINA','OPERATIVA',20252696923);
INSERT INTO Cuenta VALUES( 518340,7,'ARGENTINA','OPERATIVA',26388646299);
INSERT INTO Cuenta VALUES( 42232,6,'ARGENTINA','OPERATIVA',20233266682);
INSERT INTO Cuenta VALUES( 123766,99,'ARGENTINA','OPERATIVA',26263946406);
INSERT INTO Cuenta VALUES( 636590,40,'ARGENTINA','OPERATIVA',20200909823);
INSERT INTO Cuenta VALUES( 151773,6,'ARGENTINA','OPERATIVA',20334608624);
INSERT INTO Cuenta VALUES( 194453,5,'ARGENTINA','OPERATIVA',20256286862);
INSERT INTO Cuenta VALUES( 220109,99,'ARGENTINA','OPERATIVA',26290963940);
INSERT INTO Cuenta VALUES( 65068,99,'ARGENTINA','OPERATIVA',23228265404);
INSERT INTO Cuenta VALUES( 35343,14,'ARGENTINA','OPERATIVA',20269655582);
INSERT INTO Cuenta VALUES( 42353,99,'ARGENTINA','OPERATIVA',20233902042);
INSERT INTO Cuenta VALUES( 27813,99,'ARGENTINA','OPERATIVA',20244594992);
INSERT INTO Cuenta VALUES( 84924,3,'ARGENTINA','OPERATIVA',26052322526);
INSERT INTO Cuenta VALUES( 650385,14,'ARGENTINA','OPERATIVA',26333323583);
INSERT INTO Cuenta VALUES( 111433,99,'ARGENTINA','OPERATIVA',26282492082);
INSERT INTO Cuenta VALUES( 162242,99,'ARGENTINA','OPERATIVA',20350022952);
INSERT INTO Cuenta VALUES( 694060,99,'ARGENTINA','OPERATIVA',26426225660);
INSERT INTO Cuenta VALUES( 223345,5,'ARGENTINA','OPERATIVA',26262328238);
INSERT INTO Cuenta VALUES( 558065,99,'ARGENTINA','OPERATIVA',26222352353);
INSERT INTO Cuenta VALUES( 117479,5,'ARGENTINA','OPERATIVA',26224683969);
INSERT INTO Cuenta VALUES( 93128,99,'ARGENTINA','OPERATIVA',26202920600);
INSERT INTO Cuenta VALUES( 29767,99,'ARGENTINA','OPERATIVA',20260626260);
INSERT INTO Cuenta VALUES( 557906,21,'ARGENTINA','OPERATIVA',26223366242);
INSERT INTO Cuenta VALUES( 225895,13,'ARGENTINA','OPERATIVA',26229668202);
INSERT INTO Cuenta VALUES( 13411,99,'ARGENTINA','OPERATIVA',20068328555);
INSERT INTO Cuenta VALUES( 435831,7,'ARGENTINA','OPERATIVA',26360262842);
INSERT INTO Cuenta VALUES( 741974,99,'ARGENTINA','OPERATIVA',20288225649);
INSERT INTO Cuenta VALUES( 525248,14,'ARGENTINA','OPERATIVA',20366832526);
INSERT INTO Cuenta VALUES( 576628,1,'ARGENTINA','OPERATIVA',20253654432);
INSERT INTO Cuenta VALUES( 40431,9,'ARGENTINA','OPERATIVA',20222666823);
INSERT INTO Cuenta VALUES( 488366,99,'ARGENTINA','OPERATIVA',20320528362);
INSERT INTO Cuenta VALUES( 691184,99,'ARGENTINA','OPERATIVA',26220386620);
INSERT INTO Cuenta VALUES( 143530,13,'ARGENTINA','OPERATIVA',26242646998);
INSERT INTO Cuenta VALUES( 456161,2,'ARGENTINA','OPERATIVA',20326540699);
INSERT INTO Cuenta VALUES( 229599,7,'ARGENTINA','OPERATIVA',23260633589);
INSERT INTO Cuenta VALUES( 597725,10,'ARGENTINA','OPERATIVA',26264462549);
INSERT INTO Cuenta VALUES( 19160,6,'ARGENTINA','OPERATIVA',20222460396);
INSERT INTO Cuenta VALUES( 120323,11,'ARGENTINA','OPERATIVA',26240262284);
INSERT INTO Cuenta VALUES( 207007,11,'ARGENTINA','OPERATIVA',20225202699);
INSERT INTO Cuenta VALUES( 87841,99,'ARGENTINA','OPERATIVA',26058253600);
INSERT INTO Cuenta VALUES( 597913,5,'ARGENTINA','OPERATIVA',23343463324);
INSERT INTO Cuenta VALUES( 466047,20,'ARGENTINA','OPERATIVA',20360440434);
INSERT INTO Cuenta VALUES( 317294,99,'ARGENTINA','OPERATIVA',23365488469);
INSERT INTO Cuenta VALUES( 699485,99,'ARGENTINA','OPERATIVA',20056680952);
INSERT INTO Cuenta VALUES( 302113,7,'ARGENTINA','OPERATIVA',26282849628);
INSERT INTO Cuenta VALUES( 720825,6,'ARGENTINA','OPERATIVA',26293254560);
INSERT INTO Cuenta VALUES( 215689,5,'ARGENTINA','OPERATIVA',20234286652);
INSERT INTO Cuenta VALUES( 224038,99,'ARGENTINA','OPERATIVA',20308982582);
INSERT INTO Cuenta VALUES( 124528,99,'ARGENTINA','OPERATIVA',26269692099);
INSERT INTO Cuenta VALUES( 98226,99,'ARGENTINA','OPERATIVA',26223409820);
INSERT INTO Cuenta VALUES( 664155,99,'ARGENTINA','OPERATIVA',23263646309);
INSERT INTO Cuenta VALUES( 465972,99,'ARGENTINA','OPERATIVA',20362220565);
INSERT INTO Cuenta VALUES( 230316,99,'ARGENTINA','OPERATIVA',20266806852);
INSERT INTO Cuenta VALUES( 50083,99,'ARGENTINA','OPERATIVA',20288206348);
INSERT INTO Cuenta VALUES( 134560,7,'ARGENTINA','OPERATIVA',23056980609);
INSERT INTO Cuenta VALUES( 63251,6,'ARGENTINA','OPERATIVA',23262220294);
INSERT INTO Cuenta VALUES( 668071,14,'ARGENTINA','OPERATIVA',26362243405);
INSERT INTO Cuenta VALUES( 872097,99,'ARGENTINA','OPERATIVA',26269628923);
INSERT INTO Cuenta VALUES( 59108,5,'ARGENTINA','OPERATIVA',23062436024);
INSERT INTO Cuenta VALUES( 706084,99,'ARGENTINA','OPERATIVA',26099683222);
INSERT INTO Cuenta VALUES( 830842,25,'ARGENTINA','OPERATIVA',26392899960);
INSERT INTO Cuenta VALUES( 280464,99,'ARGENTINA','OPERATIVA',26329926006);
INSERT INTO Cuenta VALUES( 112949,6,'ARGENTINA','OPERATIVA',26202828355);
INSERT INTO Cuenta VALUES( 165999,19,'ARGENTINA','OPERATIVA',26222299829);
INSERT INTO Cuenta VALUES( 49725,12,'ARGENTINA','OPERATIVA',20285229932);
INSERT INTO Cuenta VALUES( 85182,5,'ARGENTINA','OPERATIVA',26052456586);
INSERT INTO Cuenta VALUES( 96306,5,'ARGENTINA','OPERATIVA',26225045399);
INSERT INTO Cuenta VALUES( 542132,18,'ARGENTINA','OPERATIVA',26360658232);
INSERT INTO Cuenta VALUES( 86045,99,'ARGENTINA','OPERATIVA',26053920426);
INSERT INTO Cuenta VALUES( 278244,40,'ARGENTINA','OPERATIVA',20232428548);
INSERT INTO Cuenta VALUES( 121845,6,'ARGENTINA','OPERATIVA',26249363422);
INSERT INTO Cuenta VALUES( 64405,20,'ARGENTINA','OPERATIVA',23208626234);
INSERT INTO Cuenta VALUES( 227045,99,'ARGENTINA','OPERATIVA',23304242039);
INSERT INTO Cuenta VALUES( 665459,99,'ARGENTINA','OPERATIVA',26232489260);
INSERT INTO Cuenta VALUES( 113079,5,'ARGENTINA','OPERATIVA',26202925525);
INSERT INTO Cuenta VALUES( 738574,99,'ARGENTINA','OPERATIVA',992300868);
INSERT INTO Cuenta VALUES( 160865,41,'ARGENTINA','OPERATIVA',20326259222);
INSERT INTO Cuenta VALUES( 669586,99,'ARGENTINA','OPERATIVA',26325998325);
INSERT INTO Cuenta VALUES( 161120,99,'ARGENTINA','OPERATIVA',20324050354);
INSERT INTO Cuenta VALUES( 627383,99,'ARGENTINA','OPERATIVA',23328836224);
INSERT INTO Cuenta VALUES( 119715,11,'ARGENTINA','OPERATIVA',26236636256);
INSERT INTO Cuenta VALUES( 215905,5,'ARGENTINA','OPERATIVA',20266568829);
INSERT INTO Cuenta VALUES( 76410,99,'ARGENTINA','OPERATIVA',26036668996);
INSERT INTO Cuenta VALUES( 22471,2,'ARGENTINA','OPERATIVA',20224209566);
INSERT INTO Cuenta VALUES( 741292,99,'ARGENTINA','OPERATIVA',992302624);
INSERT INTO Cuenta VALUES( 95862,7,'ARGENTINA','OPERATIVA',26224262990);
INSERT INTO Cuenta VALUES( 488490,99,'ARGENTINA','OPERATIVA',26333502566);

#Se revisa la tabla de datos y el numero de filas agregadas:
SELECT * FROM cuenta;
SELECT count(*) FROM cuenta;


/*Se insertan los datos a la tabla MONEDA, según las características definidas para estos campos de datos
*/

INSERT INTO moneda VALUES( 80,'PESOS');
INSERT INTO moneda VALUES( 2,'DOLAR BILLETE');

#Se revisa la tabla de datos y el numero de filas agregadas:
SELECT * FROM moneda;
SELECT count(*) FROM moneda;


/*Se insertan los datos a la tabla MODULO, según las características definidas para estos campos de datos
*/

INSERT INTO modulo VALUES( 20,'CC','Cuenta Corriente particular');
INSERT INTO modulo VALUES( 21,'CA','Caja de Ahorros particular');
INSERT INTO modulo VALUES( 22,'PF','Inversiones a Plazo Fijo');
INSERT INTO modulo VALUES( 103,'P PERSONALES','Préstamos personales');
INSERT INTO modulo VALUES( 110,'P HIPOTECARIOS','Préstamos con garantía hipotecaria');
INSERT INTO modulo VALUES( 105,'P PRENDARIOS','Préstamos con garantía prendaria');

#Se revisa la tabla de datos y el numero de filas agregadas:
SELECT * FROM modulo;
SELECT count(*) FROM modulo;


/*Se insertan los datos a la tabla ESPECIE, según las características definidas para estos campos de datos
*/

INSERT INTO especie VALUES( 5,'UVA');
INSERT INTO especie VALUES( 0,'Billetes');

#Se revisa la tabla de datos y el numero de filas agregadas:
SELECT * FROM especie;
SELECT count(*) FROM especie;


/*Se insertan los datos a la tabla PIZARRA, según las características definidas para estos campos de datos
*/

INSERT INTO pizarra VALUES( 10,'PLAZO FIJO INTRANSFERIBLE',80,'Nominal anual',0,37,20201231);
INSERT INTO pizarra VALUES( 11,'PLAZO FIJO INTRANSF-UND VALOR  LEY 25827',80,'Nominal anual',5,1,20201231);
INSERT INTO pizarra VALUES( 12,'DEPOSITOS JUDICIALES A PLAZO FIJO',80,'Nominal anual',0,7,20201231);
INSERT INTO pizarra VALUES( 13,'DEPOSITOS JUDICIALES A PLAZO FIJO DOLAR',2,'Nominal anual',0,0.5,20201231);
INSERT INTO pizarra VALUES( 14,'PLAZO FIJO TRANSFERIBLE',80,'Nominal anual',0,37,20201231);
INSERT INTO pizarra VALUES( 15,'DEP.INSTRA.OPCION CANC.ANTIC.UVA-L.25827',80,'Nominal anual',5,1,20201231);
INSERT INTO pizarra VALUES( 16,'P.FIJO TRANSF. PRIVADO',80,'Nominal anual',0,37,20201231);
INSERT INTO pizarra VALUES( 17,'DEP.TRANSF.OPCION CANC.ANTIC.UVA-L.25827',80,'Nominal anual',5,1,20201231);
INSERT INTO pizarra VALUES( 18,'PLAZO FIJO WEB PESOS CAPITAL',80,'Nominal anual',0,34,20201231);
INSERT INTO pizarra VALUES( 19,'PLAZO FIJO INTRANSFERIBLE',2,'Nominal anual',0,0.5,20201231);

#Se revisa la tabla de datos y el numero de filas agregadas:
SELECT * FROM pizarra;
SELECT count(*) FROM pizarra;


/*Se insertan los datos a la tabla TIPO_OPERACION, según las características definidas para estos campos de datos
*/

INSERT INTO tipo_operacion VALUES( 1,'Tasa min p humanas intran',10,22);
INSERT INTO tipo_operacion VALUES( 2,'Tasa UVA tradicional',11,22);
INSERT INTO tipo_operacion VALUES( 3,'Tasa pj',12,22);
INSERT INTO tipo_operacion VALUES( 4,'Tasa pj dólar',13,22);
INSERT INTO tipo_operacion VALUES( 5,'Tasa min p humanas tran',14,22);
INSERT INTO tipo_operacion VALUES( 6,'Tasa min p humanas UVA intran',15,22);
INSERT INTO tipo_operacion VALUES( 7,'Tasa min s priv',16,22);
INSERT INTO tipo_operacion VALUES( 8,'Tasa min p humanas UVA tran',17,22);
INSERT INTO tipo_operacion VALUES( 9,'Tasa pf web',18,22);
INSERT INTO tipo_operacion VALUES( 10,'Tasa s. priv dólar',19,22);

#Se revisa la tabla de datos y el numero de filas agregadas:
SELECT * FROM tipo_operacion;
SELECT count(*) FROM pizarra;


/*Se insertan los datos a la tabla PLAZO_FIJO, según las características definidas para estos campos de datos
*/

INSERT INTO plazo_fijo VALUES( 1463003,64405,4,2,0,1031.65,20211210,20220608);
INSERT INTO plazo_fijo VALUES( 1464750,22471,4,2,0,8336.95,20211214,20220715);
INSERT INTO plazo_fijo VALUES( 1417039,40431,4,2,0,1136,20210902,20220829);
INSERT INTO plazo_fijo VALUES( 1437336,466047,4,2,0,236.86,20211012,20221012);
INSERT INTO plazo_fijo VALUES( 1459275,830842,4,2,0,190,20211130,20221125);
INSERT INTO plazo_fijo VALUES( 1464463,160865,4,2,0,244,20211213,20220801);
INSERT INTO plazo_fijo VALUES( 1160302,106637,4,2,0,24742,20191223,20220916);
INSERT INTO plazo_fijo VALUES( 1382527,220109,2,80,0,50000,20210628,20220628);
INSERT INTO plazo_fijo VALUES( 1413566,741974,2,80,0,5000,20210826,20220826);
INSERT INTO plazo_fijo VALUES( 1461359,49725,2,80,0,100000,20211206,20220606);
INSERT INTO plazo_fijo VALUES( 1462385,86045,2,80,0,300000,20211207,20220606);
INSERT INTO plazo_fijo VALUES( 1464626,227045,2,80,0,3000,20211213,20220613);
INSERT INTO plazo_fijo VALUES( 1378599,741292,3,80,1,72499.2,20211215,20220613);
INSERT INTO plazo_fijo VALUES( 1464059,738574,3,80,0,567008.74,20211213,20220613);
INSERT INTO plazo_fijo VALUES( 1159588,472793,9,80,0,93000,20191223,20220711);
INSERT INTO plazo_fijo VALUES( 1282553,109265,9,80,0,59908.4,20201028,20220620);
INSERT INTO plazo_fijo VALUES( 933650,42232,9,80,3,102168.44,20210608,20220608);
INSERT INTO plazo_fijo VALUES( 1383628,65068,9,80,0,200000,20210629,20220629);
INSERT INTO plazo_fijo VALUES( 1383622,35343,9,80,0,1250000,20210629,20220629);
INSERT INTO plazo_fijo VALUES( 1386197,42353,9,80,0,950000,20210705,20220620);
INSERT INTO plazo_fijo VALUES( 1438632,699485,9,80,0,2248506.37,20211014,20221010);
INSERT INTO plazo_fijo VALUES( 1449446,134560,9,80,0,1630311.43,20211108,20220706);
INSERT INTO plazo_fijo VALUES( 1464869,76410,9,80,0,6177236.68,20211214,20220613);
INSERT INTO plazo_fijo VALUES( 1465756,95862,9,80,0,1376752.09,20211216,20220614);
INSERT INTO plazo_fijo VALUES( 1466491,488490,9,80,0,1500000,20211217,20220615);
INSERT INTO plazo_fijo VALUES( 1303091,225411,1,80,0,2000,20201221,20230609);
INSERT INTO plazo_fijo VALUES( 1305292,191569,1,80,0,53824.2,20201228,20220620);
INSERT INTO plazo_fijo VALUES( 1323296,582332,1,80,0,61000,20210208,20221011);
INSERT INTO plazo_fijo VALUES( 1337553,63911,1,80,0,60000,20210312,20221102);
INSERT INTO plazo_fijo VALUES( 1338301,198223,1,80,0,50000,20210315,20220728);
INSERT INTO plazo_fijo VALUES( 1340158,90606,1,80,0,555000,20210319,20220926);
INSERT INTO plazo_fijo VALUES( 1347493,102040,1,80,0,50000,20210406,20220819);
INSERT INTO plazo_fijo VALUES( 1349466,737692,1,80,0,50000,20210409,20220822);
INSERT INTO plazo_fijo VALUES( 1352489,26824,1,80,0,90000,20210419,20231006);
INSERT INTO plazo_fijo VALUES( 1372226,44985,1,80,0,250000,20210604,20220606);
INSERT INTO plazo_fijo VALUES( 1224685,518340,1,80,1,6484.55,20210607,20220602);
INSERT INTO plazo_fijo VALUES( 1224059,123766,1,80,1,28604.4,20210610,20220610);
INSERT INTO plazo_fijo VALUES( 1376730,636590,1,80,0,330940.52,20210614,20220615);
INSERT INTO plazo_fijo VALUES( 1378505,151773,1,80,0,2000,20210617,20220617);
INSERT INTO plazo_fijo VALUES( 1381845,194453,1,80,0,52383.53,20210625,20221130);
INSERT INTO plazo_fijo VALUES( 1392211,27813,1,80,0,450574,20210719,20221012);
INSERT INTO plazo_fijo VALUES( 1392752,84924,1,80,0,377465.95,20210719,20220801);
INSERT INTO plazo_fijo VALUES( 1393884,650385,1,80,0,2000,20210721,20220721);
INSERT INTO plazo_fijo VALUES( 1394013,111433,1,80,0,500000,20210722,20220722);
INSERT INTO plazo_fijo VALUES( 1395559,162242,1,80,0,2500,20210726,20220721);
INSERT INTO plazo_fijo VALUES( 1397862,694060,1,80,0,180000,20210729,20220729);
INSERT INTO plazo_fijo VALUES( 1399309,223345,1,80,0,100000,20210802,20220802);
INSERT INTO plazo_fijo VALUES( 1401678,558065,1,80,0,517273.92,20210805,20220805);
INSERT INTO plazo_fijo VALUES( 1401219,117479,1,80,0,350000,20210805,20220805);
INSERT INTO plazo_fijo VALUES( 1401510,93128,1,80,0,320000,20210805,20220621);
INSERT INTO plazo_fijo VALUES( 1403108,29767,1,80,0,110000,20210806,20220808);
INSERT INTO plazo_fijo VALUES( 1407575,557906,1,80,0,40600,20210813,20220923);
INSERT INTO plazo_fijo VALUES( 1408750,225895,1,80,0,30000,20210817,20220613);
INSERT INTO plazo_fijo VALUES( 1408896,13411,1,80,0,658182.88,20210818,20220818);
INSERT INTO plazo_fijo VALUES( 1412965,435831,1,80,0,8000,20210825,20231103);
INSERT INTO plazo_fijo VALUES( 1413822,525248,1,80,0,10000,20210827,20220822);
INSERT INTO plazo_fijo VALUES( 1414435,576628,1,80,0,60623,20210830,20230424);
INSERT INTO plazo_fijo VALUES( 1263164,488366,1,80,1,130903.62,20210906,20220901);
INSERT INTO plazo_fijo VALUES( 966689,691184,1,80,3,14437.01,20210916,20220916);
INSERT INTO plazo_fijo VALUES( 1085160,143530,1,80,2,4068.24,20210917,20221024);
INSERT INTO plazo_fijo VALUES( 1213141,456161,1,80,1,67220.54,20210920,20230126);
INSERT INTO plazo_fijo VALUES( 1426589,229599,1,80,0,2300,20210923,20220919);
INSERT INTO plazo_fijo VALUES( 1127191,597725,1,80,2,12000,20210923,20220919);
INSERT INTO plazo_fijo VALUES( 1427307,19160,1,80,0,400000,20210924,20221031);
INSERT INTO plazo_fijo VALUES( 1428480,120323,1,80,0,65300,20210927,20231106);
INSERT INTO plazo_fijo VALUES( 1432368,207007,1,80,0,8000,20211004,20231213);
INSERT INTO plazo_fijo VALUES( 1435164,87841,1,80,0,16000,20211006,20220603);
INSERT INTO plazo_fijo VALUES( 1181502,597913,1,80,1,2887.67,20211006,20230529);
INSERT INTO plazo_fijo VALUES( 1436496,317294,1,80,0,6500,20211012,20220811);
INSERT INTO plazo_fijo VALUES( 1439419,302113,1,80,0,1500,20211015,20221017);
INSERT INTO plazo_fijo VALUES( 1441274,720825,1,80,0,10000,20211020,20221017);
INSERT INTO plazo_fijo VALUES( 1440995,215689,1,80,0,300000,20211020,20220816);
INSERT INTO plazo_fijo VALUES( 1442724,224038,1,80,0,5000,20211025,20221025);
INSERT INTO plazo_fijo VALUES( 1443694,124528,1,80,0,110256.47,20211026,20221021);
INSERT INTO plazo_fijo VALUES( 1446028,98226,1,80,0,515000,20211101,20220831);
INSERT INTO plazo_fijo VALUES( 866369,664155,1,80,4,53126.34,20211101,20221101);
INSERT INTO plazo_fijo VALUES( 1447236,465972,1,80,0,1500,20211103,20230626);
INSERT INTO plazo_fijo VALUES( 1284994,230316,1,80,1,134000,20211103,20221103);
INSERT INTO plazo_fijo VALUES( 874507,50083,1,80,4,5824.94,20211108,20221103);
INSERT INTO plazo_fijo VALUES( 1450339,63251,1,80,0,100000,20211110,20220608);
INSERT INTO plazo_fijo VALUES( 1453736,668071,1,80,0,42000,20211117,20221117);
INSERT INTO plazo_fijo VALUES( 1455529,872097,1,80,0,50000,20211123,20221123);
INSERT INTO plazo_fijo VALUES( 1456939,59108,1,80,0,90000,20211125,20220623);
INSERT INTO plazo_fijo VALUES( 1457159,706084,1,80,0,1049589.89,20211126,20221128);
INSERT INTO plazo_fijo VALUES( 1459855,280464,1,80,0,2060,20211201,20220620);
INSERT INTO plazo_fijo VALUES( 1460502,112949,1,80,0,135000,20211202,20220602);
INSERT INTO plazo_fijo VALUES( 1461850,165999,1,80,0,75663,20211206,20220606);
INSERT INTO plazo_fijo VALUES( 1461873,85182,1,80,0,150000,20211206,20220606);
INSERT INTO plazo_fijo VALUES( 1461369,96306,1,80,0,450000,20211206,20220606);
INSERT INTO plazo_fijo VALUES( 1461559,542132,1,80,0,276110.59,20211206,20220908);
INSERT INTO plazo_fijo VALUES( 1462689,278244,1,80,0,29930.91,20211209,20220607);
INSERT INTO plazo_fijo VALUES( 1298998,121845,1,80,1,109600,20211209,20221208);
INSERT INTO plazo_fijo VALUES( 1463752,665459,1,80,0,235391,20211213,20220613);
INSERT INTO plazo_fijo VALUES( 1463603,113079,1,80,0,58000,20211213,20221010);
INSERT INTO plazo_fijo VALUES( 1075815,669586,1,80,5,6027.72,20211213,20220613);
INSERT INTO plazo_fijo VALUES( 1156866,161120,1,80,4,76759.38,20211213,20220613);
INSERT INTO plazo_fijo VALUES( 1377153,627383,1,80,1,100681.92,20211213,20220613);
INSERT INTO plazo_fijo VALUES( 1463900,119715,1,80,0,35207.24,20211213,20220711);
INSERT INTO plazo_fijo VALUES( 1378438,215905,1,80,1,236493.15,20211214,20220613);

#Se revisa la tabla de datos y el numero de filas agregadas:
SELECT * FROM plazo_fijo;
SELECT count(*) FROM plazo_fijo;

											#######Creación de vistas#######
                                            
SELECT * FROM plazo_fijo;
SELECT * FROM cuenta;

/*Se necesita saber quienes son los clientes (con nombre, apellido y CUIT_CUIL) con los mayores capitales 
en pesos invertidos en Plazo Fijo:*/

#Creo una vista que me sintetice los Plazos Fijos por Cuenta, CUIT_CUIL en pesos:

CREATE VIEW pf_cuenta_pesos AS
(SELECT 
   c.numero_cuenta, cuit_cuil, capital, id_moneda, numero_operacion
FROM 
   cuenta c 
INNER JOIN 
   plazo_fijo p ON c.numero_cuenta = p.numero_cuenta
WHERE 
id_moneda = 80);

#Reviso la vista:
SELECT * FROM pf_cuenta_pesos;

/*Una vez que tengo los plazos fijos en pesos por cuenta y cuit_cuil en la vista pf_cuenta_pesos, 
puedo ver también, combinando con otra tabla, los plazos fijos con cuenta, cuit_cuil, nombre y apellido*/

#Creo una vista que me sintetice los Plazos Fijos por cuenta, cuit_cuil y nombre de titular:
SELECT * FROM cliente;

CREATE VIEW mayores_pf_por_titular_pesos AS
(SELECT 
   c.cuit_cuil, numero_cuenta, titular, capital, id_moneda 
FROM 
   cliente c 
INNER JOIN 
   pf_cuenta_pesos p ON c.cuit_cuil = p.cuit_cuil
GROUP BY c.cuit_cuil
ORDER BY capital DESC)
;
   
#Reviso la vista:
SELECT * FROM mayores_pf_por_titular_pesos;

/*Se necesita saber a qué clientes se les paga una tasa del 37% */

#Para esto creo una vista que me permita saber primeramente qué tasa le corresponde a cada tipo de operación#

SELECT * FROM plazo_fijo;
SELECT * FROM tipo_operacion;
SELECT * FROM pizarra;

CREATE VIEW tasa_tipo_operacion AS
(SELECT 
   id_tipo_operacion, t.numero_pizarra, tipo_plazo_fijo, tasa, numero_especie, id_moneda
FROM 
   tipo_operacion t
INNER JOIN 
   pizarra p ON t.numero_pizarra = p.numero_pizarra);

#Reviso la vista   
SELECT * FROM tasa_tipo_operacion;

#Ahora, con la vista tasa_tipo_operacion creada, puedo ver a qué plazos fijos se les paga una tasa del 37%#

CREATE VIEW plazo_fijo_37 AS
(SELECT 
   numero_cuenta, t.id_tipo_operacion, t.id_moneda, tasa, capital, fecha_origen, fecha_vencimiento, numero_operacion
FROM 
   tasa_tipo_operacion t
INNER JOIN 
   plazo_fijo p ON t.id_tipo_operacion = p.id_tipo_operacion
WHERE 
   tasa = 37);

#Reviso la vista   
SELECT * FROM plazo_fijo_37;

#Con el numero_cuenta puedo saber de qué cuit_cuil son esos plazos fijos, para esto elaboro otra vista:

SELECT * FROM cuenta;

CREATE VIEW cuit_tasa_37 AS
(SELECT 
   c.cuit_cuil, c.numero_cuenta, id_tipo_operacion, id_moneda, tasa, capital, fecha_origen, fecha_vencimiento, numero_operacion
FROM 
   plazo_fijo_37 p
INNER JOIN 
   cuenta c ON p.numero_cuenta = c.numero_cuenta);
   
#Reviso la vista   
SELECT * FROM cuit_tasa_37;

#Finalmente, elaboro una última vista que me permita ver de qué titulares son estos plazos fijos:

SELECT * FROM cliente;

CREATE VIEW clientes_tasa_37 AS
(SELECT 
   a.cuit_cuil, titular, numero_cuenta, id_tipo_operacion, id_moneda, tasa, capital, fecha_origen, fecha_vencimiento, numero_operacion
FROM 
   cliente a
INNER JOIN 
   cuit_tasa_37 b ON a.cuit_cuil = b.cuit_cuil
ORDER BY capital DESC);
   
#Reviso la vista   
SELECT * FROM clientes_tasa_37;



											#######Funciones#######

/*Necesitamos saber el interés que devengará un plazo fijo, para eso creamos una funcion que permita calcular ingresando como parámetros
el capital, la tasa, y los días que se mantiene el plazo fijo, que a su vez se calculará como la diferencia entre la fecha de vencimiento
y la fecha de origen del plazo fijo */

#DROP FUNCTION IF EXISTS INTERES_DEVENGADO;
DELIMITER $$
CREATE FUNCTION INTERES_DEVENGADO(CAPITAL FLOAT, TASA FLOAT, fecha_vencimiento date, fecha_origen date)
RETURNS FLOAT
DETERMINISTIC
BEGIN
	DECLARE TASA_DECIMAL DECIMAL (3,3);
    DECLARE DIAS INT;
    DECLARE INTERESES FLOAT; 
    
    SET TASA_DECIMAL = TASA/100;
    SET DIAS = DATEDIFF(fecha_vencimiento, fecha_origen);
    SET INTERESES = CAPITAL * TASA_DECIMAL/365 * DIAS;
    
    RETURN INTERESES;
    
END$$
DELIMITER ;

#Probamos la función
SELECT INTERES_DEVENGADO(1000,43,20221128,20211126);


/*Ahora con esta función podremos saber el interés que devengará un plazo fijo de nuestra base.
Para eso, a continuación creamos una funcion que permita calcular los intereses ingresando
como parámetro únicamente el numero de operacion */

USE monitoreo_pf;
SELECT * FROM clientes_tasa_37;

#DROP FUNCTION IF EXISTS INTERESES;
DELIMITER $$
CREATE FUNCTION intereses(numero_de_operacion int(8))
RETURNS float
READS SQL DATA
BEGIN
    DECLARE INTERES FLOAT;
    SELECT INTERES_DEVENGADO(capital, tasa, fecha_vencimiento, fecha_origen) INTO INTERES
	FROM clientes_tasa_37
    WHERE numero_operacion = numero_de_operacion;
    
    RETURN INTERES;
    
END$$
DELIMITER ;

#Probamos la función ingresando un número de operación de un plazo fijo:
SELECT intereses(1408896);

											#######Stored procedures#######
USE monitoreo_pf;

/* Se desea crear un procedimiento que permita ordenar una tabla según el capital, el total de intereses que paga o el número de días que 
tiene de duración la imposición*/
 
 #Para esto creo una función que me permita insertar una columna con datos con el número de días que dura el plazo fijo y el total
 #de intereses que paga. 

 #Añadimos a la estructura de la tabla Plazo Fijo, los campos "interes" y "dias" con las características de los tipos de datos deseados:
 
  SELECT * FROM plazo_fijo;
 
 ALTER TABLE plazo_fijo
	ADD interes FLOAT NOT NULL;
    
 ALTER TABLE plazo_fijo
	ADD dias INT NOT NULL;

ALTER TABLE plazo_fijo drop primary key;
ALTER TABLE plazo_fijo ADD columna_auto INT UNSIGNED NOT NULL AUTO_INCREMENT,
  ADD PRIMARY KEY (columna_auto);
ALTER TABLE plazo_fijo MODIFY COLUMN interes float;

create table plazo_fijo_ as select * from plazo_fijo;

#DROP PROCEDURE IF EXISTS d_interes;
delimiter $$
drop procedure if exists d_interes$$
CREATE PROCEDURE d_interes ()
BEGIN
	declare contador int;
    declare cantidad_filas int;
    
    SET contador =1;
    SET cantidad_filas = (SELECT count(*) FROM plazo_fijo);
   
--   while contador<cantidad_filas+1 do
    while contador<3 do
		update plazo_fijo SET interes = (SELECT intereses((select numero_operacion FROM plazo_fijo_ where columna_auto=contador))) WHERE columna_auto = contador;
        set contador=contador+1;
	end while;
 
 END $$
 delimiter ;

select * from plazo_fijo;
call d_interes();
set sql_safe_updates=0;
update plazo_fijo set interes=0;

SELECT intereses((select numero_operacion FROM plazo_fijo_ where columna_auto=96));
select count(*) from plazo_fijo;

SELECT intereses(1408896) FROM plazo_fijo;
select * from plazo_fijo;
 
SELECT clausula_insert as prueba;
 call d_interes(1408896, @interes);

#DROP PROCEDURE IF EXISTS ordenamiento_pf;
delimiter $$
CREATE PROCEDURE ordenamiento_pf(campo_ordenar VARCHAR (40), IN orden BOOLEAN)
-- orden=1 -> asc
-- orden=0 -> desc
BEGIN
	IF campo_ordenar <> '' AND orden = 1 THEN
		SET @ordenar = concat('ORDER BY ', campo_ordenar);
	ELSEIF campo_ordenar <> '' AND orden = 0 THEN
		SET @ordenar = concat('ORDER BY ', campo_ordenar, ' DESC');
	ELSEIF campo_ordenar <> '' AND orden NOT IN (0,1) THEN
		SET @ordenar = 'No válido';
		SELECT 'Parámetro de ordenamiento ingresado no válido' AS Mensaje;
    ELSE
		SET @ordenar = '';
	END IF;
    IF @ordenar <> 'No válido' THEN
		SET @clausula_select = concat('SELECT * FROM clientes_tasa_37 ', @ordenar);
		PREPARE ejecucion FROM @clausula_select;
		EXECUTE ejecucion;
		DEALLOCATE PREPARE ejecucion;
	END IF;
END $$
delimiter ;

#Pruebo el procedimiento
CALL ordenamiento_pf('capital',0); 

SELECT * from clientes_tasa_37;
